{
    "users": [
      {
        "id": "abc@q3tech.com",
        "fname": "abc",
        "lname": "def",
        "email": "abc@q3tech.com",
        "password": "12345678"
      },
      {
        "id": "abcd@q3tech.com",
        "fname": "abcd",
        "lname": "def",
        "email": "abcd@q3tech.com",
        "password": "12345678"
      },
      {
        "id": "abcde@q3tech.com",
        "fname": "abcde",
        "lname": "def",
        "email": "abcde@q3tech.com",
        "password": "12345678"
      }
    ]
  }